date,total_revenue,ad
10/1/15,641.62,ad_group_1
10/2/15,756.37,ad_group_1
10/3/15,970.9,ad_group_1
10/4/15,907.39,ad_group_1
10/5/15,879.45,ad_group_1
10/6/15,746.48,ad_group_1
10/7/15,462.33,ad_group_1
10/8/15,441.28,ad_group_1
10/9/15,602.14,ad_group_1
10/10/15,490.55,ad_group_1
10/11/15,448.04,ad_group_1
10/12/15,1199.39,ad_group_1
10/13/15,673.32,ad_group_1
10/14/15,973.77,ad_group_1
10/15/15,976.68,ad_group_1
10/16/15,735.16,ad_group_1
10/17/15,389.33,ad_group_1
10/18/15,1112.61,ad_group_1
10/19/15,907.68,ad_group_1
10/20/15,827.21,ad_group_1
10/21/15,1220.26,ad_group_1
10/22/15,431.73,ad_group_1
10/23/15,747.99,ad_group_1
10/24/15,892.89,ad_group_1
10/25/15,634.72,ad_group_1
10/26/15,296,ad_group_1
10/27/15,906.43,ad_group_1
10/28/15,805.95,ad_group_1
10/29/15,1552.51,ad_group_1
10/30/15,733.57,ad_group_1
10/31/15,611.25,ad_group_1
11/1/15,256.16,ad_group_1
11/2/15,519.25,ad_group_1
11/3/15,509.56,ad_group_1
11/4/15,375.76,ad_group_1
11/5/15,781.58,ad_group_1
11/6/15,1030.53,ad_group_1
11/7/15,560.04,ad_group_1
11/8/15,783.2,ad_group_1
11/9/15,1024.04,ad_group_1
11/10/15,1038.73,ad_group_1
11/11/15,688.3,ad_group_1
11/12/15,809.7,ad_group_1
11/13/15,828.18,ad_group_1
11/14/15,576.3,ad_group_1
11/15/15,394.81,ad_group_1
11/16/15,816.5,ad_group_1
11/17/15,698.92,ad_group_1
11/18/15,630.31,ad_group_1
11/19/15,739.56,ad_group_1
11/20/15,767.34,ad_group_1
11/21/15,1211.82,ad_group_1
11/22/15,364.25,ad_group_1
10/1/15,1704.28,ad_group_2
10/2/15,918.21,ad_group_2
10/3/15,1548.48,ad_group_2
10/4/15,1911.39,ad_group_2
10/5/15,1403.14,ad_group_2
10/6/15,1901.33,ad_group_2
10/7/15,1894.71,ad_group_2
10/8/15,3005.56,ad_group_2
10/9/15,2250.06,ad_group_2
10/10/15,1992.92,ad_group_2
10/11/15,2227.14,ad_group_2
10/12/15,2065.1,ad_group_2
10/13/15,2287.92,ad_group_2
10/14/15,1695.66,ad_group_2
10/15/15,430.37,ad_group_2
10/16/15,2493.41,ad_group_2
10/17/15,2365.13,ad_group_2
10/18/15,440.24,ad_group_2
10/19/15,2328.17,ad_group_2
10/20/15,1864.54,ad_group_2
10/21/15,1845.74,ad_group_2
10/22/15,2057.76,ad_group_2
10/23/15,1248.01,ad_group_2
10/24/15,1891.32,ad_group_2
10/25/15,2199.69,ad_group_2
10/26/15,951.14,ad_group_2
10/27/15,1042.4,ad_group_2
10/28/15,1287.85,ad_group_2
10/29/15,1534.07,ad_group_2
10/30/15,1471.69,ad_group_2
10/31/15,2352.1,ad_group_2
11/1/15,2113,ad_group_2
11/2/15,778.67,ad_group_2
11/3/15,2167.92,ad_group_2
11/4/15,2265.14,ad_group_2
11/5/15,1611.21,ad_group_2
11/6/15,2535.77,ad_group_2
11/7/15,2116.45,ad_group_2
11/8/15,2135.71,ad_group_2
11/9/15,1480.98,ad_group_2
11/10/15,662.71,ad_group_2
11/11/15,1278.88,ad_group_2
11/12/15,1871.44,ad_group_2
11/13/15,3173.49,ad_group_2
11/14/15,2115.85,ad_group_2
11/15/15,2341.65,ad_group_2
11/16/15,2108.54,ad_group_2
11/17/15,2142.97,ad_group_2
11/18/15,2068.47,ad_group_2
11/19/15,1234.64,ad_group_2
11/20/15,1469.36,ad_group_2
11/21/15,1644.55,ad_group_2
11/22/15,601.74,ad_group_2
10/1/15,1103.29,ad_group_3
10/2/15,710.92,ad_group_3
10/3/15,668.29,ad_group_3
10/4/15,685.32,ad_group_3
10/5/15,713.7,ad_group_3
10/6/15,437.56,ad_group_3
10/7/15,1010.86,ad_group_3
10/8/15,954.02,ad_group_3
10/9/15,1053.12,ad_group_3
10/10/15,852.89,ad_group_3
10/11/15,1007.31,ad_group_3
10/12/15,919.98,ad_group_3
10/13/15,679.38,ad_group_3
10/14/15,956.04,ad_group_3
10/15/15,761.82,ad_group_3
10/16/15,1075.94,ad_group_3
10/17/15,813.59,ad_group_3
10/18/15,1098.22,ad_group_3
10/19/15,788.52,ad_group_3
10/20/15,1100.39,ad_group_3
10/21/15,1096.44,ad_group_3
10/22/15,764.7,ad_group_3
10/23/15,1180.53,ad_group_3
10/24/15,586.47,ad_group_3
10/25/15,827.59,ad_group_3
10/26/15,899.76,ad_group_3
10/27/15,657.8,ad_group_3
10/28/15,1109.67,ad_group_3
10/29/15,726.2,ad_group_3
10/30/15,423.63,ad_group_3
10/31/15,1106.48,ad_group_3
11/1/15,958.47,ad_group_3
11/2/15,146.67,ad_group_3
11/3/15,663.82,ad_group_3
11/4/15,1276.38,ad_group_3
11/5/15,609.55,ad_group_3
11/6/15,917.08,ad_group_3
11/7/15,342.34,ad_group_3
11/8/15,631.64,ad_group_3
11/9/15,877.76,ad_group_3
11/10/15,1075.39,ad_group_3
11/11/15,1487.61,ad_group_3
11/12/15,1219.31,ad_group_3
11/13/15,1356.62,ad_group_3
11/14/15,1199.74,ad_group_3
11/15/15,701.02,ad_group_3
11/16/15,898.02,ad_group_3
11/17/15,769.21,ad_group_3
11/18/15,1314.47,ad_group_3
11/19/15,1581.06,ad_group_3
11/20/15,634.37,ad_group_3
11/21/15,192.84,ad_group_3
11/22/15,340,ad_group_3
10/1/15,8392.27,ad_group_4
10/2/15,2002.69,ad_group_4
10/3/15,4993.53,ad_group_4
10/4/15,11691.53,ad_group_4
10/5/15,4716.43,ad_group_4
10/6/15,7314.58,ad_group_4
10/7/15,5007.81,ad_group_4
10/8/15,9687.23,ad_group_4
10/9/15,9883.35,ad_group_4
10/10/15,9042.51,ad_group_4
10/11/15,6758.15,ad_group_4
10/12/15,9780.44,ad_group_4
10/13/15,4976.22,ad_group_4
10/14/15,11242.3,ad_group_4
10/15/15,7137.66,ad_group_4
10/16/15,4670.9,ad_group_4
10/17/15,3543.16,ad_group_4
10/18/15,4303.01,ad_group_4
10/19/15,5404.33,ad_group_4
10/20/15,9861.93,ad_group_4
10/21/15,11224.68,ad_group_4
10/22/15,8187.12,ad_group_4
10/23/15,8082.53,ad_group_4
10/24/15,11524.66,ad_group_4
10/25/15,6527.6,ad_group_4
10/26/15,5442.57,ad_group_4
10/27/15,3837.1,ad_group_4
10/28/15,6913,ad_group_4
10/29/15,6862.48,ad_group_4
10/30/15,10208.65,ad_group_4
10/31/15,6815.45,ad_group_4
11/1/15,9800.3,ad_group_4
11/2/15,8270.52,ad_group_4
11/3/15,7833.98,ad_group_4
11/4/15,8770.6,ad_group_4
11/5/15,10105.39,ad_group_4
11/6/15,5122.17,ad_group_4
11/7/15,14174,ad_group_4
11/8/15,6793.77,ad_group_4
11/9/15,9370.2,ad_group_4
11/10/15,5667.89,ad_group_4
11/11/15,5580.96,ad_group_4
11/12/15,0,ad_group_4
11/13/15,5211.39,ad_group_4
11/14/15,6782.65,ad_group_4
11/15/15,0,ad_group_4
11/16/15,5383.36,ad_group_4
11/17/15,8464.84,ad_group_4
11/18/15,6020.44,ad_group_4
11/19/15,7861.59,ad_group_4
11/20/15,7658.51,ad_group_4
11/21/15,6668.42,ad_group_4
11/22/15,9644.26,ad_group_4
10/1/15,3688.8,ad_group_5
10/2/15,2978.13,ad_group_5
10/3/15,3220.82,ad_group_5
10/4/15,1518.43,ad_group_5
10/5/15,4753.32,ad_group_5
10/6/15,3839.81,ad_group_5
10/7/15,3130.98,ad_group_5
10/8/15,2435.29,ad_group_5
10/9/15,1594.19,ad_group_5
10/10/15,4816.49,ad_group_5
10/11/15,6211.05,ad_group_5
10/12/15,0,ad_group_5
10/13/15,1532.23,ad_group_5
10/14/15,3383.84,ad_group_5
10/15/15,3339.15,ad_group_5
10/16/15,4890.3,ad_group_5
10/17/15,2747.01,ad_group_5
10/18/15,3634.47,ad_group_5
10/19/15,2762.59,ad_group_5
10/20/15,3815.05,ad_group_5
10/21/15,5051.79,ad_group_5
10/22/15,3767.73,ad_group_5
10/23/15,3444.43,ad_group_5
10/24/15,4160.74,ad_group_5
10/25/15,3882.3,ad_group_5
10/26/15,3059.62,ad_group_5
10/27/15,3760.36,ad_group_5
10/28/15,2946.97,ad_group_5
10/29/15,5535.4,ad_group_5
10/30/15,4248.09,ad_group_5
10/31/15,3819.95,ad_group_5
11/1/15,4908.69,ad_group_5
11/2/15,4698.16,ad_group_5
11/3/15,3429.58,ad_group_5
11/4/15,5672.91,ad_group_5
11/5/15,3814.34,ad_group_5
11/6/15,3075.76,ad_group_5
11/7/15,3148.65,ad_group_5
11/8/15,2161.74,ad_group_5
11/9/15,1103.02,ad_group_5
11/10/15,3398.06,ad_group_5
11/11/15,3617.23,ad_group_5
11/12/15,3415.06,ad_group_5
11/13/15,2524.73,ad_group_5
11/14/15,3043.25,ad_group_5
11/15/15,2979.31,ad_group_5
11/16/15,2811.31,ad_group_5
11/17/15,4270.76,ad_group_5
11/18/15,3350.88,ad_group_5
11/19/15,3498.45,ad_group_5
11/20/15,4264.04,ad_group_5
11/21/15,5192.94,ad_group_5
11/22/15,3511.08,ad_group_5
10/1/15,238.79,ad_group_6
10/2/15,262.54,ad_group_6
10/3/15,208.01,ad_group_6
10/4/15,251.88,ad_group_6
10/5/15,327.18,ad_group_6
10/6/15,299.95,ad_group_6
10/7/15,282.31,ad_group_6
10/8/15,342.82,ad_group_6
10/9/15,352.01,ad_group_6
10/10/15,490.58,ad_group_6
10/11/15,285.97,ad_group_6
10/12/15,371.93,ad_group_6
10/13/15,313.45,ad_group_6
10/14/15,298.12,ad_group_6
10/15/15,225.51,ad_group_6
10/16/15,283.04,ad_group_6
10/17/15,305.86,ad_group_6
10/18/15,546.01,ad_group_6
10/19/15,476.75,ad_group_6
10/20/15,332.65,ad_group_6
10/21/15,448.41,ad_group_6
10/22/15,175.44,ad_group_6
10/23/15,264.12,ad_group_6
10/24/15,419.71,ad_group_6
10/25/15,372.99,ad_group_6
10/26/15,280.36,ad_group_6
10/27/15,156,ad_group_6
10/28/15,643.28,ad_group_6
10/29/15,482.88,ad_group_6
10/30/15,198.44,ad_group_6
10/31/15,428.23,ad_group_6
11/1/15,205.11,ad_group_6
11/2/15,555.54,ad_group_6
11/3/15,192.79,ad_group_6
11/4/15,343.08,ad_group_6
11/5/15,197.27,ad_group_6
11/6/15,291.79,ad_group_6
11/7/15,482.22,ad_group_6
11/8/15,165.64,ad_group_6
11/9/15,346.91,ad_group_6
11/10/15,177.2,ad_group_6
11/11/15,409.32,ad_group_6
11/12/15,445.28,ad_group_6
11/13/15,363.89,ad_group_6
11/14/15,169.74,ad_group_6
11/15/15,272.38,ad_group_6
11/16/15,464.7,ad_group_6
11/17/15,465.04,ad_group_6
11/18/15,518.43,ad_group_6
11/19/15,274.26,ad_group_6
11/20/15,449.09,ad_group_6
11/21/15,470.62,ad_group_6
11/22/15,409.55,ad_group_6
10/1/15,396.23,ad_group_7
10/2/15,391.11,ad_group_7
10/3/15,284.86,ad_group_7
10/4/15,382.16,ad_group_7
10/5/15,436.94,ad_group_7
10/6/15,449.32,ad_group_7
10/7/15,362.18,ad_group_7
10/8/15,555.54,ad_group_7
10/9/15,392.4,ad_group_7
10/10/15,570.74,ad_group_7
10/11/15,305.48,ad_group_7
10/12/15,439.93,ad_group_7
10/13/15,474.02,ad_group_7
10/14/15,671.05,ad_group_7
10/15/15,151.78,ad_group_7
10/16/15,436.39,ad_group_7
10/17/15,371.09,ad_group_7
10/18/15,538.36,ad_group_7
10/19/15,339.23,ad_group_7
10/20/15,508.91,ad_group_7
10/21/15,476.1,ad_group_7
10/22/15,510.9,ad_group_7
10/23/15,373.78,ad_group_7
10/24/15,416.64,ad_group_7
10/25/15,264.08,ad_group_7
10/26/15,213.04,ad_group_7
10/27/15,348.5,ad_group_7
10/28/15,320.12,ad_group_7
10/29/15,364.54,ad_group_7
10/30/15,533.46,ad_group_7
10/31/15,593.23,ad_group_7
11/1/15,455.81,ad_group_7
11/2/15,627.95,ad_group_7
11/3/15,465.26,ad_group_7
11/4/15,599.48,ad_group_7
11/5/15,92.79,ad_group_7
11/6/15,503.08,ad_group_7
11/7/15,216.34,ad_group_7
11/8/15,354.39,ad_group_7
11/9/15,534.86,ad_group_7
11/10/15,359.9,ad_group_7
11/11/15,291.88,ad_group_7
11/12/15,296,ad_group_7
11/13/15,477.31,ad_group_7
11/14/15,602.11,ad_group_7
11/15/15,287.35,ad_group_7
11/16/15,397.64,ad_group_7
11/17/15,423.38,ad_group_7
11/18/15,454.09,ad_group_7
11/19/15,549.56,ad_group_7
11/20/15,397.97,ad_group_7
11/21/15,226.17,ad_group_7
11/22/15,252.87,ad_group_7
10/1/15,917.8,ad_group_8
10/2/15,852.62,ad_group_8
10/3/15,1082.23,ad_group_8
10/4/15,710.67,ad_group_8
10/5/15,823.55,ad_group_8
10/6/15,967.91,ad_group_8
10/7/15,592.41,ad_group_8
10/8/15,597.1,ad_group_8
10/9/15,1217.93,ad_group_8
10/10/15,706.51,ad_group_8
10/11/15,546.77,ad_group_8
10/12/15,616.6,ad_group_8
10/13/15,1331.97,ad_group_8
10/14/15,665.47,ad_group_8
10/15/15,1339.64,ad_group_8
10/16/15,1310.35,ad_group_8
10/17/15,1766.1,ad_group_8
10/18/15,1619.59,ad_group_8
10/19/15,951.69,ad_group_8
10/20/15,731.73,ad_group_8
10/21/15,743.15,ad_group_8
10/22/15,1839.05,ad_group_8
10/23/15,1707.46,ad_group_8
10/24/15,904.64,ad_group_8
10/25/15,1124.33,ad_group_8
10/26/15,919.05,ad_group_8
10/27/15,1006.99,ad_group_8
10/28/15,1947.51,ad_group_8
10/29/15,1356.38,ad_group_8
10/30/15,575.41,ad_group_8
10/31/15,1006.02,ad_group_8
11/1/15,929.81,ad_group_8
11/2/15,741.92,ad_group_8
11/3/15,230.51,ad_group_8
11/4/15,1970.69,ad_group_8
11/5/15,1163.04,ad_group_8
11/6/15,736.42,ad_group_8
11/7/15,2081,ad_group_8
11/8/15,1384.72,ad_group_8
11/9/15,908.41,ad_group_8
11/10/15,844.36,ad_group_8
11/11/15,698.24,ad_group_8
11/12/15,924.57,ad_group_8
11/13/15,1223.77,ad_group_8
11/14/15,1268.74,ad_group_8
11/15/15,589.98,ad_group_8
11/16/15,282.23,ad_group_8
11/17/15,1223.84,ad_group_8
11/18/15,1068.82,ad_group_8
11/19/15,940.5,ad_group_8
11/20/15,1259.17,ad_group_8
11/21/15,1440.78,ad_group_8
11/22/15,1516.56,ad_group_8
10/1/15,14.85,ad_group_9
10/2/15,15.7,ad_group_9
10/3/15,12.1,ad_group_9
10/4/15,20.08,ad_group_9
10/5/15,14.14,ad_group_9
10/6/15,8.14,ad_group_9
10/7/15,15.65,ad_group_9
10/8/15,7.73,ad_group_9
10/9/15,5.86,ad_group_9
10/10/15,13.02,ad_group_9
10/11/15,11.18,ad_group_9
10/12/15,16.52,ad_group_9
10/13/15,15.44,ad_group_9
10/14/15,15.5,ad_group_9
10/15/15,17.13,ad_group_9
10/16/15,9.01,ad_group_9
10/17/15,11.29,ad_group_9
10/18/15,12.83,ad_group_9
10/19/15,10.61,ad_group_9
10/20/15,23.84,ad_group_9
10/21/15,16.05,ad_group_9
10/22/15,10,ad_group_9
10/23/15,15.68,ad_group_9
10/24/15,19.17,ad_group_9
10/25/15,10.37,ad_group_9
10/26/15,11.23,ad_group_9
10/27/15,10.27,ad_group_9
10/28/15,16.03,ad_group_9
10/29/15,20.04,ad_group_9
10/30/15,15.41,ad_group_9
10/31/15,11.97,ad_group_9
11/1/15,24.22,ad_group_9
11/2/15,8.85,ad_group_9
11/3/15,17.54,ad_group_9
11/4/15,12.49,ad_group_9
11/5/15,13.75,ad_group_9
11/6/15,20.65,ad_group_9
11/7/15,11.28,ad_group_9
11/8/15,20.93,ad_group_9
11/9/15,12.41,ad_group_9
11/10/15,20.16,ad_group_9
11/11/15,25,ad_group_9
11/12/15,18.66,ad_group_9
11/13/15,9.29,ad_group_9
11/14/15,21.93,ad_group_9
11/15/15,17.09,ad_group_9
11/16/15,18.73,ad_group_9
11/17/15,12.81,ad_group_9
11/18/15,13.35,ad_group_9
11/19/15,20.09,ad_group_9
11/20/15,13.26,ad_group_9
11/21/15,10.39,ad_group_9
11/22/15,15.44,ad_group_9
10/1/15,183.3,ad_group_10
10/2/15,167.54,ad_group_10
10/3/15,301.09,ad_group_10
10/4/15,208.01,ad_group_10
10/5/15,248.87,ad_group_10
10/6/15,322.23,ad_group_10
10/7/15,38.19,ad_group_10
10/8/15,223.04,ad_group_10
10/9/15,249.71,ad_group_10
10/10/15,394.56,ad_group_10
10/11/15,236.61,ad_group_10
10/12/15,377.93,ad_group_10
10/13/15,242.76,ad_group_10
10/14/15,434.01,ad_group_10
10/15/15,308.37,ad_group_10
10/16/15,409.67,ad_group_10
10/17/15,338.92,ad_group_10
10/18/15,238.96,ad_group_10
10/19/15,483.34,ad_group_10
10/20/15,169.38,ad_group_10
10/21/15,354.13,ad_group_10
10/22/15,528.65,ad_group_10
10/23/15,154.75,ad_group_10
10/24/15,244.65,ad_group_10
10/25/15,372.58,ad_group_10
10/26/15,171.03,ad_group_10
10/27/15,299.82,ad_group_10
10/28/15,179.52,ad_group_10
10/29/15,292.03,ad_group_10
10/30/15,287.77,ad_group_10
10/31/15,451.82,ad_group_10
11/1/15,264.37,ad_group_10
11/2/15,264.39,ad_group_10
11/3/15,445.42,ad_group_10
11/5/15,272.37,ad_group_10
11/6/15,442.31,ad_group_10
11/7/15,275.52,ad_group_10
11/8/15,336.76,ad_group_10
11/9/15,325.36,ad_group_10
11/10/15,124.42,ad_group_10
11/11/15,205.74,ad_group_10
11/12/15,328.26,ad_group_10
11/13/15,218,ad_group_10
11/14/15,141.91,ad_group_10
11/15/15,359.31,ad_group_10
11/16/15,296.17,ad_group_10
11/17/15,263.76,ad_group_10
11/18/15,405.06,ad_group_10
11/19/15,641.43,ad_group_10
11/20/15,301.34,ad_group_10
11/21/15,457.96,ad_group_10
11/22/15,296.73,ad_group_10
10/1/15,1109.42,ad_group_11
10/2/15,1044.23,ad_group_11
10/3/15,612.66,ad_group_11
10/4/15,712.8,ad_group_11
10/5/15,826.97,ad_group_11
10/6/15,597.27,ad_group_11
10/7/15,1127.58,ad_group_11
10/8/15,1037.1,ad_group_11
10/9/15,998.48,ad_group_11
10/10/15,689.73,ad_group_11
10/11/15,639.36,ad_group_11
10/12/15,589.83,ad_group_11
10/13/15,864.36,ad_group_11
10/14/15,324.1,ad_group_11
10/15/15,606.37,ad_group_11
10/16/15,946.72,ad_group_11
10/17/15,664.57,ad_group_11
10/18/15,753.31,ad_group_11
10/19/15,977.19,ad_group_11
10/20/15,610.2,ad_group_11
10/21/15,592.79,ad_group_11
10/22/15,1081.12,ad_group_11
10/23/15,1252.48,ad_group_11
10/24/15,578.88,ad_group_11
10/25/15,683.7,ad_group_11
10/26/15,0,ad_group_11
10/27/15,1721.42,ad_group_11
10/28/15,1221.83,ad_group_11
10/29/15,768.31,ad_group_11
10/30/15,357.66,ad_group_11
10/31/15,449.45,ad_group_11
11/1/15,862.6,ad_group_11
11/2/15,1630.85,ad_group_11
11/3/15,758.18,ad_group_11
11/4/15,1126.05,ad_group_11
11/5/15,785.27,ad_group_11
11/6/15,1566.9,ad_group_11
11/7/15,0,ad_group_11
11/8/15,614.32,ad_group_11
11/9/15,1335.37,ad_group_11
11/10/15,754.8,ad_group_11
11/11/15,0,ad_group_11
11/12/15,844.6,ad_group_11
11/13/15,759.32,ad_group_11
11/14/15,380.63,ad_group_11
11/15/15,1452.03,ad_group_11
11/16/15,379.39,ad_group_11
11/17/15,625.05,ad_group_11
11/18/15,914.79,ad_group_11
11/19/15,680.88,ad_group_11
11/20/15,271.64,ad_group_11
11/21/15,0,ad_group_11
11/22/15,469.76,ad_group_11
10/1/15,1700.13,ad_group_12
10/2/15,2288.68,ad_group_12
10/3/15,2781.52,ad_group_12
10/4/15,2080.85,ad_group_12
10/5/15,2562.19,ad_group_12
10/6/15,2107.53,ad_group_12
10/7/15,2180.04,ad_group_12
10/8/15,1827.29,ad_group_12
10/9/15,1427.4,ad_group_12
10/10/15,2367.11,ad_group_12
10/11/15,3273.2,ad_group_12
10/12/15,1007.69,ad_group_12
10/13/15,3639.18,ad_group_12
10/14/15,2306.07,ad_group_12
10/15/15,2319.35,ad_group_12
10/16/15,1979.48,ad_group_12
10/17/15,3737.14,ad_group_12
10/18/15,2644.58,ad_group_12
10/19/15,2092.11,ad_group_12
10/20/15,3290.8,ad_group_12
10/21/15,1802.92,ad_group_12
10/22/15,1530.02,ad_group_12
10/23/15,1865.14,ad_group_12
10/24/15,3129.71,ad_group_12
10/25/15,1737.82,ad_group_12
10/26/15,0,ad_group_12
10/27/15,3796.4,ad_group_12
10/28/15,3943.36,ad_group_12
10/29/15,3794.16,ad_group_12
10/30/15,2687.94,ad_group_12
10/31/15,2148.01,ad_group_12
11/1/15,2916.86,ad_group_12
11/2/15,2768.66,ad_group_12
11/3/15,3776.73,ad_group_12
11/4/15,2793.98,ad_group_12
11/5/15,3340.44,ad_group_12
11/6/15,1351.2,ad_group_12
11/7/15,1692.25,ad_group_12
11/8/15,2385.24,ad_group_12
11/9/15,2747.51,ad_group_12
11/10/15,3182.39,ad_group_12
11/11/15,4290.6,ad_group_12
11/12/15,2415.81,ad_group_12
11/13/15,1631.52,ad_group_12
11/14/15,3191.44,ad_group_12
11/15/15,3805.63,ad_group_12
11/16/15,2241,ad_group_12
11/17/15,1472.45,ad_group_12
11/18/15,2739.63,ad_group_12
11/19/15,2980.91,ad_group_12
11/20/15,0,ad_group_12
11/21/15,989.95,ad_group_12
11/22/15,2524.02,ad_group_12
10/1/15,35232.44,ad_group_13
10/2/15,13441.45,ad_group_13
10/3/15,21652.03,ad_group_13
10/4/15,24499.48,ad_group_13
10/5/15,29300.61,ad_group_13
10/6/15,24662.41,ad_group_13
10/7/15,8653.01,ad_group_13
10/8/15,19774.82,ad_group_13
10/9/15,12011.33,ad_group_13
10/10/15,18465.82,ad_group_13
10/11/15,16384.08,ad_group_13
10/12/15,17034.54,ad_group_13
10/13/15,22044.53,ad_group_13
10/14/15,18069.79,ad_group_13
10/15/15,22428.3,ad_group_13
10/16/15,0,ad_group_13
10/17/15,10006.78,ad_group_13
10/18/15,27877.65,ad_group_13
10/19/15,10501.99,ad_group_13
10/20/15,22269.09,ad_group_13
10/21/15,13435.24,ad_group_13
10/22/15,9992.48,ad_group_13
10/23/15,34571.09,ad_group_13
10/24/15,29747.6,ad_group_13
10/25/15,13546.99,ad_group_13
10/26/15,21729.15,ad_group_13
10/27/15,24372.79,ad_group_13
10/28/15,22807.06,ad_group_13
10/29/15,23179.04,ad_group_13
10/30/15,35841.62,ad_group_13
10/31/15,16518.8,ad_group_13
11/1/15,26747.66,ad_group_13
11/2/15,23234.71,ad_group_13
11/3/15,20519.05,ad_group_13
11/4/15,29793.91,ad_group_13
11/5/15,15459.1,ad_group_13
11/6/15,23703.02,ad_group_13
11/7/15,18567.06,ad_group_13
11/8/15,22361.29,ad_group_13
11/9/15,19995.68,ad_group_13
11/10/15,20482.57,ad_group_13
11/11/15,0,ad_group_13
11/12/15,19683.25,ad_group_13
11/13/15,39623.71,ad_group_13
11/14/15,20212.91,ad_group_13
11/15/15,12318.01,ad_group_13
11/16/15,16010.81,ad_group_13
11/17/15,10450.32,ad_group_13
11/18/15,15332.29,ad_group_13
11/19/15,20643.08,ad_group_13
11/20/15,15891.88,ad_group_13
11/21/15,12030.57,ad_group_13
11/22/15,31849.14,ad_group_13
10/1/15,197.56,ad_group_14
10/2/15,457.24,ad_group_14
10/3/15,336.49,ad_group_14
10/4/15,325.05,ad_group_14
10/5/15,298.1,ad_group_14
10/6/15,248.3,ad_group_14
10/7/15,247.68,ad_group_14
10/8/15,106.86,ad_group_14
10/9/15,257.93,ad_group_14
10/10/15,223.34,ad_group_14
10/11/15,327.64,ad_group_14
10/12/15,474.82,ad_group_14
10/13/15,152.43,ad_group_14
10/14/15,453.52,ad_group_14
10/15/15,449.09,ad_group_14
10/16/15,381.87,ad_group_14
10/17/15,236.72,ad_group_14
10/18/15,317.87,ad_group_14
10/19/15,419.31,ad_group_14
10/20/15,364.08,ad_group_14
10/21/15,382.76,ad_group_14
10/22/15,367.66,ad_group_14
10/23/15,258.83,ad_group_14
10/24/15,291.76,ad_group_14
10/25/15,405.35,ad_group_14
10/26/15,396.4,ad_group_14
10/27/15,328.07,ad_group_14
10/28/15,161.51,ad_group_14
10/29/15,258.7,ad_group_14
10/30/15,369.58,ad_group_14
10/31/15,261.75,ad_group_14
11/1/15,314.8,ad_group_14
11/2/15,446.28,ad_group_14
11/3/15,210.01,ad_group_14
11/5/15,267.11,ad_group_14
11/6/15,448.55,ad_group_14
11/7/15,416.71,ad_group_14
11/8/15,239.49,ad_group_14
11/9/15,439.44,ad_group_14
11/10/15,457.88,ad_group_14
11/11/15,383.54,ad_group_14
11/12/15,474.58,ad_group_14
11/13/15,91.24,ad_group_14
11/14/15,202.13,ad_group_14
11/15/15,228.69,ad_group_14
11/16/15,335.08,ad_group_14
11/17/15,71.35,ad_group_14
11/18/15,227.07,ad_group_14
11/19/15,280.35,ad_group_14
11/20/15,454.37,ad_group_14
11/21/15,558.91,ad_group_14
11/22/15,367.41,ad_group_14
10/1/15,265.25,ad_group_15
10/2/15,242.75,ad_group_15
10/3/15,147.46,ad_group_15
10/4/15,320,ad_group_15
10/5/15,68.32,ad_group_15
10/6/15,215.92,ad_group_15
10/7/15,223.02,ad_group_15
10/8/15,227.14,ad_group_15
10/9/15,358.27,ad_group_15
10/10/15,242.08,ad_group_15
10/11/15,407.31,ad_group_15
10/12/15,200.94,ad_group_15
10/13/15,389.43,ad_group_15
10/14/15,323.38,ad_group_15
10/15/15,206.88,ad_group_15
10/16/15,234.9,ad_group_15
10/17/15,275.66,ad_group_15
10/18/15,296.38,ad_group_15
10/19/15,260.49,ad_group_15
10/20/15,339.03,ad_group_15
10/21/15,276.78,ad_group_15
10/22/15,178.29,ad_group_15
10/23/15,469.31,ad_group_15
10/24/15,149.25,ad_group_15
10/25/15,278.34,ad_group_15
10/26/15,12.07,ad_group_15
10/27/15,308.57,ad_group_15
10/28/15,295.22,ad_group_15
10/29/15,383.24,ad_group_15
10/30/15,300.23,ad_group_15
10/31/15,232.21,ad_group_15
11/1/15,177.33,ad_group_15
11/2/15,227.87,ad_group_15
11/3/15,177.4,ad_group_15
11/4/15,170.87,ad_group_15
11/5/15,207.02,ad_group_15
11/6/15,247.13,ad_group_15
11/7/15,186.4,ad_group_15
11/8/15,240.02,ad_group_15
11/9/15,341.56,ad_group_15
11/10/15,154.66,ad_group_15
11/11/15,369.43,ad_group_15
11/12/15,329.52,ad_group_15
11/13/15,311.72,ad_group_15
11/14/15,194.5,ad_group_15
11/15/15,362.62,ad_group_15
11/16/15,303.15,ad_group_15
11/17/15,200.84,ad_group_15
11/18/15,154.76,ad_group_15
11/19/15,254.13,ad_group_15
11/20/15,298.38,ad_group_15
11/21/15,142.47,ad_group_15
11/22/15,260.14,ad_group_15
10/1/15,1171.11,ad_group_16
10/2/15,1106.91,ad_group_16
10/3/15,1240.56,ad_group_16
10/4/15,1149.62,ad_group_16
10/5/15,1583.31,ad_group_16
10/6/15,1153.09,ad_group_16
10/7/15,1230.65,ad_group_16
10/8/15,1550.8,ad_group_16
10/9/15,637.45,ad_group_16
10/10/15,1238.26,ad_group_16
10/11/15,1099.75,ad_group_16
10/12/15,1778.64,ad_group_16
10/13/15,1798.25,ad_group_16
10/14/15,1060.01,ad_group_16
10/15/15,690.05,ad_group_16
10/16/15,635.67,ad_group_16
10/17/15,1336.76,ad_group_16
10/18/15,782.07,ad_group_16
10/19/15,0,ad_group_16
10/20/15,1559.96,ad_group_16
10/21/15,1676.39,ad_group_16
10/22/15,1650.09,ad_group_16
10/23/15,374.17,ad_group_16
10/24/15,853.24,ad_group_16
10/25/15,1327.42,ad_group_16
10/26/15,700.96,ad_group_16
10/27/15,1712.92,ad_group_16
10/28/15,793.83,ad_group_16
10/29/15,0,ad_group_16
10/30/15,937.84,ad_group_16
10/31/15,1677.68,ad_group_16
11/1/15,915.37,ad_group_16
11/2/15,1079.24,ad_group_16
11/3/15,576.43,ad_group_16
11/4/15,1379.06,ad_group_16
11/5/15,569.93,ad_group_16
11/6/15,685.28,ad_group_16
11/7/15,1329.27,ad_group_16
11/8/15,545.38,ad_group_16
11/9/15,899.79,ad_group_16
11/10/15,838.47,ad_group_16
11/11/15,1271.52,ad_group_16
11/12/15,959.77,ad_group_16
11/13/15,597.55,ad_group_16
11/14/15,476.47,ad_group_16
11/15/15,1673.31,ad_group_16
11/16/15,1444.8,ad_group_16
11/17/15,1257.22,ad_group_16
11/18/15,444.19,ad_group_16
11/19/15,1191.43,ad_group_16
11/20/15,217.47,ad_group_16
11/21/15,1515.15,ad_group_16
11/22/15,1638.27,ad_group_16
10/1/15,106.55,ad_group_17
10/2/15,192.64,ad_group_17
10/3/15,77.55,ad_group_17
10/4/15,318.96,ad_group_17
10/5/15,152.77,ad_group_17
10/6/15,82.85,ad_group_17
10/7/15,199.86,ad_group_17
10/8/15,167.79,ad_group_17
10/9/15,139.82,ad_group_17
10/10/15,158.34,ad_group_17
10/11/15,170.59,ad_group_17
10/12/15,98.15,ad_group_17
10/13/15,81.18,ad_group_17
10/14/15,115.58,ad_group_17
10/15/15,211.65,ad_group_17
10/16/15,194.63,ad_group_17
10/17/15,177.24,ad_group_17
10/18/15,376.77,ad_group_17
10/19/15,87.12,ad_group_17
10/20/15,322.7,ad_group_17
10/21/15,102.3,ad_group_17
10/22/15,104.52,ad_group_17
10/23/15,338.68,ad_group_17
10/24/15,305.95,ad_group_17
10/25/15,224.24,ad_group_17
10/26/15,289.4,ad_group_17
10/27/15,110.23,ad_group_17
10/28/15,34.81,ad_group_17
10/29/15,226.15,ad_group_17
10/30/15,177.24,ad_group_17
10/31/15,229.7,ad_group_17
11/1/15,300.8,ad_group_17
11/2/15,304.56,ad_group_17
11/3/15,239.54,ad_group_17
11/4/15,274.76,ad_group_17
11/5/15,146.04,ad_group_17
11/6/15,99.89,ad_group_17
11/7/15,33.12,ad_group_17
11/8/15,212.16,ad_group_17
11/9/15,168.63,ad_group_17
11/10/15,200.02,ad_group_17
11/11/15,302.65,ad_group_17
11/12/15,155.38,ad_group_17
11/13/15,270.52,ad_group_17
11/14/15,94.48,ad_group_17
11/15/15,393.19,ad_group_17
11/16/15,145.86,ad_group_17
11/17/15,159.32,ad_group_17
11/18/15,55.86,ad_group_17
11/19/15,251.79,ad_group_17
11/20/15,196.45,ad_group_17
11/21/15,314.16,ad_group_17
11/22/15,168.22,ad_group_17
10/1/15,8432.53,ad_group_18
10/2/15,10882.85,ad_group_18
10/3/15,7935.81,ad_group_18
10/4/15,4678.19,ad_group_18
10/5/15,9564.57,ad_group_18
10/6/15,12527.13,ad_group_18
10/7/15,12830.9,ad_group_18
10/8/15,8248.9,ad_group_18
10/10/15,11426.26,ad_group_18
10/11/15,11156.78,ad_group_18
10/12/15,11885.68,ad_group_18
10/13/15,10375.38,ad_group_18
10/14/15,6053.47,ad_group_18
10/15/15,13789.55,ad_group_18
10/16/15,4058.27,ad_group_18
10/17/15,7101.15,ad_group_18
10/18/15,12404.97,ad_group_18
10/19/15,8927.67,ad_group_18
10/20/15,1670.05,ad_group_18
10/21/15,4857.87,ad_group_18
10/22/15,5931.6,ad_group_18
10/23/15,8751.76,ad_group_18
10/24/15,8507.75,ad_group_18
10/25/15,7104.13,ad_group_18
10/26/15,8893.21,ad_group_18
10/27/15,14437.4,ad_group_18
10/28/15,10568.64,ad_group_18
10/29/15,5789.85,ad_group_18
10/30/15,4733.81,ad_group_18
10/31/15,13365.21,ad_group_18
11/1/15,7336.15,ad_group_18
11/2/15,12701.5,ad_group_18
11/3/15,12609.48,ad_group_18
11/4/15,16868.78,ad_group_18
11/5/15,7357.86,ad_group_18
11/6/15,19754.06,ad_group_18
11/7/15,11932.77,ad_group_18
11/8/15,8630.4,ad_group_18
11/9/15,12204.97,ad_group_18
11/10/15,11446.73,ad_group_18
11/11/15,9118.51,ad_group_18
11/12/15,12870.25,ad_group_18
11/13/15,6990.71,ad_group_18
11/14/15,6177.82,ad_group_18
11/15/15,12027.66,ad_group_18
11/16/15,11804.7,ad_group_18
11/17/15,11905.73,ad_group_18
11/18/15,15458.7,ad_group_18
11/19/15,14296.76,ad_group_18
11/20/15,14468.06,ad_group_18
11/21/15,7345.43,ad_group_18
11/22/15,12518.41,ad_group_18
10/1/15,737.75,ad_group_19
10/2/15,885.66,ad_group_19
10/3/15,533.38,ad_group_19
10/4/15,234.79,ad_group_19
10/5/15,923.79,ad_group_19
10/6/15,640.05,ad_group_19
10/7/15,554.51,ad_group_19
10/8/15,763.98,ad_group_19
10/9/15,819.49,ad_group_19
10/10/15,703.01,ad_group_19
10/11/15,916.6,ad_group_19
10/12/15,605.52,ad_group_19
10/13/15,727.71,ad_group_19
10/14/15,446.3,ad_group_19
10/15/15,624.63,ad_group_19
10/16/15,521.75,ad_group_19
10/17/15,937.38,ad_group_19
10/18/15,849.74,ad_group_19
10/19/15,733.53,ad_group_19
10/20/15,770.32,ad_group_19
10/21/15,505.3,ad_group_19
10/22/15,982.98,ad_group_19
10/23/15,855.67,ad_group_19
10/24/15,720.57,ad_group_19
10/25/15,567.9,ad_group_19
10/26/15,901.16,ad_group_19
10/27/15,834.75,ad_group_19
10/28/15,711.61,ad_group_19
10/29/15,848.65,ad_group_19
10/30/15,976.88,ad_group_19
10/31/15,710.35,ad_group_19
11/1/15,760.3,ad_group_19
11/2/15,996.08,ad_group_19
11/3/15,565.15,ad_group_19
11/4/15,645.51,ad_group_19
11/5/15,1187.32,ad_group_19
11/6/15,878.33,ad_group_19
11/7/15,890.67,ad_group_19
11/8/15,722.69,ad_group_19
11/9/15,783.25,ad_group_19
11/10/15,781.95,ad_group_19
11/11/15,958.47,ad_group_19
11/12/15,148.26,ad_group_19
11/13/15,819.16,ad_group_19
11/14/15,561.07,ad_group_19
11/15/15,725.57,ad_group_19
11/16/15,503.36,ad_group_19
11/17/15,1150.46,ad_group_19
11/18/15,517.71,ad_group_19
11/19/15,0,ad_group_19
11/20/15,400.99,ad_group_19
11/21/15,707.37,ad_group_19
11/22/15,790.17,ad_group_19
10/1/15,5335.52,ad_group_20
10/2/15,0,ad_group_20
10/3/15,6945.2,ad_group_20
10/4/15,4657.63,ad_group_20
10/5/15,3224.9,ad_group_20
10/6/15,5712.37,ad_group_20
10/7/15,4169.19,ad_group_20
10/8/15,4118.09,ad_group_20
10/9/15,7927.76,ad_group_20
10/10/15,1237.28,ad_group_20
10/11/15,5203.97,ad_group_20
10/12/15,4951.11,ad_group_20
10/13/15,5784.5,ad_group_20
10/14/15,4362.59,ad_group_20
10/15/15,4919.39,ad_group_20
10/16/15,5773.84,ad_group_20
10/17/15,1129.35,ad_group_20
10/18/15,3175.14,ad_group_20
10/19/15,4788.19,ad_group_20
10/20/15,6989.37,ad_group_20
10/21/15,6432.92,ad_group_20
10/22/15,6154.19,ad_group_20
10/23/15,5650.16,ad_group_20
10/24/15,4879.95,ad_group_20
10/25/15,4541.15,ad_group_20
10/26/15,6011.74,ad_group_20
10/27/15,7228.98,ad_group_20
10/28/15,4125.85,ad_group_20
10/29/15,5374.37,ad_group_20
10/30/15,8164.77,ad_group_20
10/31/15,3410.17,ad_group_20
11/1/15,6266.07,ad_group_20
11/2/15,7351.72,ad_group_20
11/3/15,6574.48,ad_group_20
11/4/15,5485.96,ad_group_20
11/5/15,5310.11,ad_group_20
11/6/15,3460,ad_group_20
11/7/15,7595.2,ad_group_20
11/8/15,7503.24,ad_group_20
11/9/15,6966.2,ad_group_20
11/10/15,5807.95,ad_group_20
11/11/15,9661.49,ad_group_20
11/12/15,7852.38,ad_group_20
11/13/15,5094.54,ad_group_20
11/14/15,6032.07,ad_group_20
11/15/15,7450.41,ad_group_20
11/16/15,6465.53,ad_group_20
11/17/15,2736.07,ad_group_20
11/19/15,6723.24,ad_group_20
11/20/15,7444.87,ad_group_20
11/21/15,1971.29,ad_group_20
11/22/15,4796.2,ad_group_20
10/1/15,126.09,ad_group_21
10/2/15,0,ad_group_21
10/3/15,192,ad_group_21
10/4/15,262.71,ad_group_21
10/5/15,92.32,ad_group_21
10/6/15,240.47,ad_group_21
10/7/15,123.98,ad_group_21
10/8/15,267.35,ad_group_21
10/9/15,92.42,ad_group_21
10/10/15,157.3,ad_group_21
10/11/15,406.35,ad_group_21
10/12/15,181.29,ad_group_21
10/13/15,276.48,ad_group_21
10/14/15,211.48,ad_group_21
10/15/15,148.37,ad_group_21
10/16/15,124.84,ad_group_21
10/17/15,187.56,ad_group_21
10/18/15,292.43,ad_group_21
10/19/15,202.82,ad_group_21
10/20/15,205.56,ad_group_21
10/21/15,191.5,ad_group_21
10/22/15,195.24,ad_group_21
10/23/15,255.12,ad_group_21
10/24/15,93.89,ad_group_21
10/25/15,310.9,ad_group_21
10/26/15,151.29,ad_group_21
10/27/15,99.14,ad_group_21
10/28/15,265.6,ad_group_21
10/29/15,79.19,ad_group_21
10/30/15,60.83,ad_group_21
10/31/15,142.95,ad_group_21
11/1/15,243.53,ad_group_21
11/2/15,195.58,ad_group_21
11/3/15,135.87,ad_group_21
11/4/15,111.28,ad_group_21
11/5/15,0,ad_group_21
11/6/15,188.41,ad_group_21
11/7/15,218.69,ad_group_21
11/8/15,237.74,ad_group_21
11/9/15,113.15,ad_group_21
11/10/15,236.48,ad_group_21
11/11/15,105.06,ad_group_21
11/12/15,187.07,ad_group_21
11/13/15,258.21,ad_group_21
11/14/15,146.5,ad_group_21
11/15/15,234.92,ad_group_21
11/16/15,71.74,ad_group_21
11/17/15,193.64,ad_group_21
11/18/15,121.06,ad_group_21
11/19/15,236.02,ad_group_21
11/20/15,156.4,ad_group_21
11/21/15,230.27,ad_group_21
11/22/15,192,ad_group_21
10/1/15,568.98,ad_group_22
10/2/15,947.35,ad_group_22
10/3/15,430.13,ad_group_22
10/4/15,466.43,ad_group_22
10/5/15,677.45,ad_group_22
10/6/15,506.25,ad_group_22
10/7/15,105.32,ad_group_22
10/8/15,708.15,ad_group_22
10/9/15,611.34,ad_group_22
10/10/15,619.56,ad_group_22
10/11/15,701.4,ad_group_22
10/12/15,500.56,ad_group_22
10/13/15,593.92,ad_group_22
10/14/15,643.83,ad_group_22
10/15/15,581.11,ad_group_22
10/16/15,489.34,ad_group_22
10/17/15,206.54,ad_group_22
10/18/15,601.9,ad_group_22
10/19/15,839.27,ad_group_22
10/20/15,1217.48,ad_group_22
10/21/15,405.1,ad_group_22
10/22/15,223.77,ad_group_22
10/23/15,513.18,ad_group_22
10/24/15,654.71,ad_group_22
10/25/15,631.65,ad_group_22
10/26/15,878.82,ad_group_22
10/27/15,1270.27,ad_group_22
10/28/15,598.11,ad_group_22
10/29/15,240.53,ad_group_22
10/30/15,602.83,ad_group_22
10/31/15,511.3,ad_group_22
11/1/15,957.41,ad_group_22
11/2/15,690.54,ad_group_22
11/3/15,1331.87,ad_group_22
11/4/15,540.41,ad_group_22
11/5/15,778.59,ad_group_22
11/6/15,645.18,ad_group_22
11/7/15,455.27,ad_group_22
11/8/15,548.97,ad_group_22
11/9/15,495.93,ad_group_22
11/10/15,326.57,ad_group_22
11/11/15,706.44,ad_group_22
11/12/15,956.85,ad_group_22
11/13/15,1170.18,ad_group_22
11/14/15,983.69,ad_group_22
11/15/15,444.36,ad_group_22
11/16/15,456.35,ad_group_22
11/17/15,842.47,ad_group_22
11/18/15,200.73,ad_group_22
11/19/15,704.69,ad_group_22
11/20/15,518.97,ad_group_22
11/21/15,543.52,ad_group_22
11/22/15,408.81,ad_group_22
10/1/15,1315.01,ad_group_23
10/2/15,540.23,ad_group_23
10/3/15,1039.23,ad_group_23
10/4/15,1754.15,ad_group_23
10/5/15,366.68,ad_group_23
10/6/15,1472.19,ad_group_23
10/7/15,766.69,ad_group_23
10/8/15,1380.23,ad_group_23
10/9/15,1613.36,ad_group_23
10/10/15,952.54,ad_group_23
10/11/15,1064.13,ad_group_23
10/12/15,1359.87,ad_group_23
10/13/15,1699.14,ad_group_23
10/14/15,0,ad_group_23
10/15/15,1490.35,ad_group_23
10/16/15,1982.53,ad_group_23
10/17/15,889.07,ad_group_23
10/18/15,1813.48,ad_group_23
10/19/15,1722.89,ad_group_23
10/20/15,1520.76,ad_group_23
10/21/15,1663.25,ad_group_23
10/22/15,776.91,ad_group_23
10/23/15,1615.91,ad_group_23
10/24/15,818.03,ad_group_23
10/25/15,-200.15,ad_group_23
10/26/15,1496.76,ad_group_23
10/27/15,1072.6,ad_group_23
10/28/15,1398.12,ad_group_23
10/29/15,675.82,ad_group_23
10/30/15,1976.8,ad_group_23
10/31/15,1012.57,ad_group_23
11/1/15,1764.79,ad_group_23
11/2/15,416.65,ad_group_23
11/3/15,1285.28,ad_group_23
11/4/15,1806.46,ad_group_23
11/5/15,2261.71,ad_group_23
11/6/15,1906.49,ad_group_23
11/7/15,1880.06,ad_group_23
11/8/15,985.33,ad_group_23
11/9/15,1611.04,ad_group_23
11/10/15,2137.17,ad_group_23
11/11/15,1809.34,ad_group_23
11/12/15,2070.81,ad_group_23
11/13/15,2319.58,ad_group_23
11/14/15,994.09,ad_group_23
11/15/15,1641.06,ad_group_23
11/16/15,2470.86,ad_group_23
11/17/15,1578.04,ad_group_23
11/18/15,1203.01,ad_group_23
11/19/15,0,ad_group_23
11/20/15,1702.95,ad_group_23
11/21/15,1444.16,ad_group_23
11/22/15,1100.68,ad_group_23
10/1/15,61.55,ad_group_24
10/2/15,43.88,ad_group_24
10/4/15,27.58,ad_group_24
10/5/15,72.21,ad_group_24
10/6/15,66.41,ad_group_24
10/7/15,57.46,ad_group_24
10/8/15,52.25,ad_group_24
10/9/15,63.61,ad_group_24
10/10/15,33.91,ad_group_24
10/11/15,44.94,ad_group_24
10/12/15,56.07,ad_group_24
10/13/15,71.53,ad_group_24
10/14/15,65.69,ad_group_24
10/15/15,73.67,ad_group_24
10/16/15,61.92,ad_group_24
10/17/15,56.88,ad_group_24
10/18/15,74.12,ad_group_24
10/19/15,53.2,ad_group_24
10/20/15,54.91,ad_group_24
10/21/15,46.79,ad_group_24
10/22/15,54.24,ad_group_24
10/23/15,10.08,ad_group_24
10/24/15,67.36,ad_group_24
10/25/15,30.26,ad_group_24
10/26/15,42.51,ad_group_24
10/27/15,67.43,ad_group_24
10/28/15,48.57,ad_group_24
10/29/15,97.56,ad_group_24
10/30/15,98.97,ad_group_24
10/31/15,39.97,ad_group_24
11/1/15,48.48,ad_group_24
11/2/15,36.77,ad_group_24
11/3/15,85.3,ad_group_24
11/4/15,32.41,ad_group_24
11/5/15,41.45,ad_group_24
11/6/15,30.85,ad_group_24
11/7/15,20.38,ad_group_24
11/8/15,28.01,ad_group_24
11/9/15,62.52,ad_group_24
11/10/15,76.15,ad_group_24
11/11/15,77.24,ad_group_24
11/12/15,2.32,ad_group_24
11/13/15,89.24,ad_group_24
11/14/15,36,ad_group_24
11/15/15,33.92,ad_group_24
11/16/15,67.94,ad_group_24
11/17/15,42.08,ad_group_24
11/18/15,74.36,ad_group_24
11/19/15,43.86,ad_group_24
11/20/15,62.4,ad_group_24
11/21/15,46.14,ad_group_24
11/22/15,43.64,ad_group_24
10/1/15,0,ad_group_25
10/2/15,0,ad_group_25
10/3/15,0,ad_group_25
10/4/15,0,ad_group_25
10/5/15,0,ad_group_25
10/6/15,0,ad_group_25
10/7/15,0,ad_group_25
10/8/15,0,ad_group_25
10/9/15,0,ad_group_25
10/10/15,0,ad_group_25
10/11/15,0,ad_group_25
10/12/15,0,ad_group_25
10/13/15,0,ad_group_25
10/14/15,0,ad_group_25
10/15/15,0,ad_group_25
10/16/15,0,ad_group_25
10/17/15,0,ad_group_25
10/18/15,0,ad_group_25
10/19/15,0,ad_group_25
10/20/15,0,ad_group_25
10/21/15,0,ad_group_25
10/22/15,0,ad_group_25
10/23/15,0,ad_group_25
10/24/15,0,ad_group_25
10/25/15,0,ad_group_25
10/26/15,0,ad_group_25
10/27/15,0,ad_group_25
10/28/15,0,ad_group_25
10/29/15,0,ad_group_25
10/30/15,0,ad_group_25
10/31/15,0,ad_group_25
11/1/15,0,ad_group_25
11/2/15,0,ad_group_25
11/3/15,0,ad_group_25
11/4/15,0,ad_group_25
11/5/15,0,ad_group_25
11/6/15,0,ad_group_25
11/7/15,0,ad_group_25
11/8/15,0,ad_group_25
11/9/15,0,ad_group_25
11/10/15,0,ad_group_25
11/11/15,0,ad_group_25
11/12/15,0,ad_group_25
11/13/15,0,ad_group_25
11/14/15,0,ad_group_25
11/15/15,0,ad_group_25
11/16/15,0,ad_group_25
11/17/15,0,ad_group_25
11/18/15,0,ad_group_25
11/19/15,0,ad_group_25
11/20/15,0,ad_group_25
11/21/15,0,ad_group_25
11/22/15,0,ad_group_25
10/1/15,5138.64,ad_group_26
10/2/15,8090.45,ad_group_26
10/3/15,6027.21,ad_group_26
10/4/15,4210.71,ad_group_26
10/5/15,5170.47,ad_group_26
10/6/15,6859.22,ad_group_26
10/7/15,3634.13,ad_group_26
10/8/15,2916.4,ad_group_26
10/9/15,7609.84,ad_group_26
10/10/15,3365.03,ad_group_26
10/11/15,5184.28,ad_group_26
10/12/15,4564.45,ad_group_26
10/13/15,3674.95,ad_group_26
10/14/15,4036.46,ad_group_26
10/15/15,6249.49,ad_group_26
10/16/15,4668.99,ad_group_26
10/17/15,5758.11,ad_group_26
10/18/15,7610.06,ad_group_26
10/19/15,5127.24,ad_group_26
10/20/15,4529.67,ad_group_26
10/21/15,5845.8,ad_group_26
10/22/15,4795.17,ad_group_26
10/23/15,6585.55,ad_group_26
10/24/15,4718.54,ad_group_26
10/25/15,3688.3,ad_group_26
10/26/15,4874.15,ad_group_26
10/27/15,7495.52,ad_group_26
10/28/15,6833.63,ad_group_26
10/29/15,5593.09,ad_group_26
10/30/15,3729.82,ad_group_26
10/31/15,6733.62,ad_group_26
11/1/15,9294.36,ad_group_26
11/2/15,5238.98,ad_group_26
11/3/15,4108.3,ad_group_26
11/4/15,8148.91,ad_group_26
11/5/15,4196.1,ad_group_26
11/6/15,7369.12,ad_group_26
11/7/15,3595.43,ad_group_26
11/8/15,6873.01,ad_group_26
11/9/15,1782.3,ad_group_26
11/10/15,2513.87,ad_group_26
11/11/15,4898.25,ad_group_26
11/12/15,7848.26,ad_group_26
11/13/15,3658.13,ad_group_26
11/14/15,2296.02,ad_group_26
11/15/15,5003.88,ad_group_26
11/16/15,5986.33,ad_group_26
11/17/15,4216.47,ad_group_26
11/18/15,4570.83,ad_group_26
11/19/15,4352.26,ad_group_26
11/20/15,5178.51,ad_group_26
11/21/15,5448.04,ad_group_26
11/22/15,3326.19,ad_group_26
10/1/15,333.94,ad_group_27
10/2/15,197.23,ad_group_27
10/3/15,332.08,ad_group_27
10/4/15,354.3,ad_group_27
10/5/15,215.62,ad_group_27
10/6/15,212.04,ad_group_27
10/7/15,144.01,ad_group_27
10/8/15,271.07,ad_group_27
10/9/15,164.61,ad_group_27
10/10/15,302.69,ad_group_27
10/11/15,352.45,ad_group_27
10/12/15,267.53,ad_group_27
10/13/15,224.48,ad_group_27
10/14/15,282.26,ad_group_27
10/15/15,258.03,ad_group_27
10/16/15,206.27,ad_group_27
10/17/15,286.88,ad_group_27
10/18/15,336.85,ad_group_27
10/19/15,117.04,ad_group_27
10/20/15,254.56,ad_group_27
10/21/15,166.82,ad_group_27
10/22/15,210.46,ad_group_27
10/23/15,234.69,ad_group_27
10/24/15,250.08,ad_group_27
10/25/15,290.03,ad_group_27
10/26/15,244.88,ad_group_27
10/27/15,227.94,ad_group_27
10/28/15,350.88,ad_group_27
10/29/15,287.84,ad_group_27
10/30/15,279.7,ad_group_27
10/31/15,245.17,ad_group_27
11/1/15,-25.09,ad_group_27
11/2/15,274.55,ad_group_27
11/3/15,277.48,ad_group_27
11/4/15,29.8,ad_group_27
11/5/15,315.58,ad_group_27
11/6/15,306.88,ad_group_27
11/7/15,406.27,ad_group_27
11/8/15,257.61,ad_group_27
11/9/15,246.53,ad_group_27
11/10/15,165.01,ad_group_27
11/11/15,327.82,ad_group_27
11/12/15,348.56,ad_group_27
11/13/15,121.46,ad_group_27
11/14/15,66.36,ad_group_27
11/15/15,192.29,ad_group_27
11/16/15,308.49,ad_group_27
11/17/15,529.41,ad_group_27
11/18/15,387.59,ad_group_27
11/19/15,202.88,ad_group_27
11/20/15,205.56,ad_group_27
11/21/15,200.82,ad_group_27
11/22/15,370.63,ad_group_27
10/1/15,630.87,ad_group_28
10/2/15,1078.51,ad_group_28
10/3/15,892.63,ad_group_28
10/4/15,929.3,ad_group_28
10/5/15,488.84,ad_group_28
10/6/15,508.86,ad_group_28
10/7/15,1020.72,ad_group_28
10/8/15,1229.03,ad_group_28
10/9/15,666.3,ad_group_28
10/10/15,559.13,ad_group_28
10/11/15,1424.29,ad_group_28
10/12/15,742.51,ad_group_28
10/13/15,1207.36,ad_group_28
10/14/15,1040.67,ad_group_28
10/15/15,516.7,ad_group_28
10/16/15,553.3,ad_group_28
10/17/15,882.85,ad_group_28
10/18/15,537.11,ad_group_28
10/19/15,584.8,ad_group_28
10/20/15,873.53,ad_group_28
10/21/15,512.84,ad_group_28
10/22/15,919.01,ad_group_28
10/23/15,807.17,ad_group_28
10/24/15,639.05,ad_group_28
10/25/15,840.19,ad_group_28
10/26/15,621.9,ad_group_28
10/27/15,729.42,ad_group_28
10/28/15,1193.14,ad_group_28
10/29/15,509.19,ad_group_28
10/30/15,996.2,ad_group_28
10/31/15,913.56,ad_group_28
11/1/15,1029.41,ad_group_28
11/2/15,829.71,ad_group_28
11/3/15,383.44,ad_group_28
11/4/15,879.42,ad_group_28
11/5/15,720.23,ad_group_28
11/6/15,1344.99,ad_group_28
11/7/15,1108.94,ad_group_28
11/8/15,704.81,ad_group_28
11/9/15,923.06,ad_group_28
11/10/15,1124.49,ad_group_28
11/11/15,541.81,ad_group_28
11/12/15,597.33,ad_group_28
11/13/15,504.92,ad_group_28
11/14/15,1070.46,ad_group_28
11/15/15,1025.76,ad_group_28
11/16/15,1005.58,ad_group_28
11/17/15,1432.89,ad_group_28
11/18/15,1041.97,ad_group_28
11/19/15,1385.81,ad_group_28
11/20/15,1200.71,ad_group_28
11/21/15,700.71,ad_group_28
11/22/15,1196.05,ad_group_28
10/1/15,370.47,ad_group_29
10/2/15,380.99,ad_group_29
10/3/15,370.85,ad_group_29
10/4/15,246.09,ad_group_29
10/5/15,408.01,ad_group_29
10/6/15,195.96,ad_group_29
10/7/15,299.62,ad_group_29
10/8/15,393.1,ad_group_29
10/9/15,223.15,ad_group_29
10/10/15,253.24,ad_group_29
10/11/15,165.74,ad_group_29
10/12/15,324.96,ad_group_29
10/13/15,126.82,ad_group_29
10/14/15,308.8,ad_group_29
10/15/15,211.3,ad_group_29
10/16/15,335.82,ad_group_29
10/17/15,405.97,ad_group_29
10/18/15,81.59,ad_group_29
10/19/15,319.32,ad_group_29
10/20/15,305.08,ad_group_29
10/21/15,344.11,ad_group_29
10/22/15,249.48,ad_group_29
10/23/15,150.65,ad_group_29
10/24/15,137.58,ad_group_29
10/25/15,149.01,ad_group_29
10/26/15,289.43,ad_group_29
10/27/15,491.43,ad_group_29
10/28/15,304.93,ad_group_29
10/29/15,251.91,ad_group_29
10/30/15,406.28,ad_group_29
10/31/15,176.23,ad_group_29
11/1/15,362.39,ad_group_29
11/2/15,219.74,ad_group_29
11/3/15,339.36,ad_group_29
11/4/15,344.86,ad_group_29
11/5/15,232.72,ad_group_29
11/6/15,208.78,ad_group_29
11/7/15,332.64,ad_group_29
11/8/15,305.85,ad_group_29
11/9/15,218.48,ad_group_29
11/10/15,284.73,ad_group_29
11/11/15,162.04,ad_group_29
11/12/15,160.43,ad_group_29
11/13/15,153.62,ad_group_29
11/14/15,106.91,ad_group_29
11/15/15,-3.56,ad_group_29
11/16/15,327.18,ad_group_29
11/17/15,267.27,ad_group_29
11/18/15,289.87,ad_group_29
11/19/15,430.01,ad_group_29
11/20/15,327.67,ad_group_29
11/21/15,199.57,ad_group_29
11/22/15,198.42,ad_group_29
10/1/15,137.34,ad_group_30
10/2/15,131.44,ad_group_30
10/3/15,374.09,ad_group_30
10/4/15,228.18,ad_group_30
10/5/15,428.39,ad_group_30
10/6/15,290.95,ad_group_30
10/7/15,438.67,ad_group_30
10/8/15,303.7,ad_group_30
10/9/15,204.41,ad_group_30
10/10/15,575.48,ad_group_30
10/11/15,194.17,ad_group_30
10/12/15,201.15,ad_group_30
10/13/15,432.43,ad_group_30
10/14/15,320.59,ad_group_30
10/15/15,109.36,ad_group_30
10/16/15,304.61,ad_group_30
10/17/15,203.94,ad_group_30
10/18/15,146.35,ad_group_30
10/19/15,359.31,ad_group_30
10/20/15,157.71,ad_group_30
10/21/15,178.63,ad_group_30
10/22/15,164.32,ad_group_30
10/23/15,206.34,ad_group_30
10/24/15,319.81,ad_group_30
10/25/15,525.74,ad_group_30
10/26/15,272.27,ad_group_30
10/27/15,253.63,ad_group_30
10/28/15,312.61,ad_group_30
10/29/15,322.91,ad_group_30
10/30/15,94.45,ad_group_30
10/31/15,397.64,ad_group_30
11/1/15,208.11,ad_group_30
11/2/15,405.77,ad_group_30
11/3/15,301.22,ad_group_30
11/4/15,224.4,ad_group_30
11/5/15,222.77,ad_group_30
11/6/15,222.64,ad_group_30
11/7/15,248.21,ad_group_30
11/8/15,270.67,ad_group_30
11/9/15,184.11,ad_group_30
11/10/15,229.32,ad_group_30
11/11/15,171.63,ad_group_30
11/12/15,181.61,ad_group_30
11/13/15,350.06,ad_group_30
11/14/15,170.23,ad_group_30
11/15/15,221.4,ad_group_30
11/16/15,404.43,ad_group_30
11/17/15,351.12,ad_group_30
11/18/15,246.37,ad_group_30
11/19/15,142.08,ad_group_30
11/20/15,243.61,ad_group_30
11/21/15,312.82,ad_group_30
11/22/15,199.95,ad_group_30
10/1/15,636.96,ad_group_31
10/2/15,1048,ad_group_31
10/3/15,608.73,ad_group_31
10/4/15,768.6,ad_group_31
10/5/15,625.93,ad_group_31
10/6/15,990.38,ad_group_31
10/7/15,657.64,ad_group_31
10/8/15,320.47,ad_group_31
10/9/15,772.51,ad_group_31
10/10/15,851.46,ad_group_31
10/11/15,929.28,ad_group_31
10/12/15,651.56,ad_group_31
10/13/15,412.02,ad_group_31
10/14/15,616.34,ad_group_31
10/15/15,1388.76,ad_group_31
10/16/15,1301.61,ad_group_31
10/17/15,870.57,ad_group_31
10/18/15,832.52,ad_group_31
10/19/15,517.38,ad_group_31
10/20/15,692.77,ad_group_31
10/21/15,756.99,ad_group_31
10/22/15,718.9,ad_group_31
10/23/15,671.64,ad_group_31
10/24/15,758.81,ad_group_31
10/25/15,636.39,ad_group_31
10/26/15,1171.52,ad_group_31
10/27/15,1377.68,ad_group_31
10/28/15,861.02,ad_group_31
10/29/15,1022.11,ad_group_31
10/30/15,910,ad_group_31
10/31/15,1458.38,ad_group_31
11/1/15,869.58,ad_group_31
11/2/15,1092.41,ad_group_31
11/3/15,943.96,ad_group_31
11/4/15,943.93,ad_group_31
11/5/15,993.09,ad_group_31
11/6/15,1012.59,ad_group_31
11/7/15,1247.81,ad_group_31
11/8/15,800.33,ad_group_31
11/9/15,1140.31,ad_group_31
11/10/15,715.48,ad_group_31
11/11/15,1026.9,ad_group_31
11/12/15,1154.94,ad_group_31
11/13/15,303.19,ad_group_31
11/14/15,985.53,ad_group_31
11/15/15,744.7,ad_group_31
11/16/15,808.26,ad_group_31
11/17/15,583.33,ad_group_31
11/18/15,574.1,ad_group_31
11/19/15,865.25,ad_group_31
11/20/15,921.57,ad_group_31
11/21/15,841.29,ad_group_31
11/22/15,1212.58,ad_group_31
10/1/15,316.56,ad_group_32
10/2/15,266.94,ad_group_32
10/3/15,344.75,ad_group_32
10/4/15,228.06,ad_group_32
10/5/15,400.95,ad_group_32
10/6/15,452.29,ad_group_32
10/7/15,88.05,ad_group_32
10/8/15,266.38,ad_group_32
10/9/15,611.52,ad_group_32
10/10/15,568.38,ad_group_32
10/11/15,437.72,ad_group_32
10/12/15,209.17,ad_group_32
10/13/15,271.39,ad_group_32
10/14/15,375.37,ad_group_32
10/15/15,272.17,ad_group_32
10/16/15,332.14,ad_group_32
10/17/15,390.27,ad_group_32
10/18/15,167.3,ad_group_32
10/19/15,329.5,ad_group_32
10/20/15,325.53,ad_group_32
10/21/15,482.52,ad_group_32
10/22/15,383.95,ad_group_32
10/23/15,318.02,ad_group_32
10/24/15,340.6,ad_group_32
10/25/15,680.47,ad_group_32
10/26/15,480.13,ad_group_32
10/27/15,359.99,ad_group_32
10/28/15,455.93,ad_group_32
10/29/15,436.11,ad_group_32
10/30/15,368.25,ad_group_32
10/31/15,108.32,ad_group_32
11/1/15,424.98,ad_group_32
11/2/15,341.38,ad_group_32
11/3/15,289.83,ad_group_32
11/4/15,441.15,ad_group_32
11/5/15,482.54,ad_group_32
11/6/15,137.6,ad_group_32
11/7/15,623.45,ad_group_32
11/8/15,486.56,ad_group_32
11/9/15,428.95,ad_group_32
11/10/15,652.79,ad_group_32
11/11/15,644.28,ad_group_32
11/12/15,483.19,ad_group_32
11/13/15,444.18,ad_group_32
11/14/15,376.34,ad_group_32
11/15/15,303.69,ad_group_32
11/16/15,421.5,ad_group_32
11/17/15,204.48,ad_group_32
11/18/15,343.76,ad_group_32
11/19/15,346.2,ad_group_32
11/20/15,397.23,ad_group_32
11/21/15,266.18,ad_group_32
11/22/15,274.19,ad_group_32
10/1/15,53.04,ad_group_33
10/2/15,380.57,ad_group_33
10/3/15,423.6,ad_group_33
10/4/15,173.13,ad_group_33
10/5/15,123.89,ad_group_33
10/6/15,369.77,ad_group_33
10/7/15,276.88,ad_group_33
10/8/15,408.06,ad_group_33
10/9/15,440.35,ad_group_33
10/10/15,509.54,ad_group_33
10/11/15,102.78,ad_group_33
10/12/15,459.85,ad_group_33
10/13/15,144.85,ad_group_33
10/14/15,374.83,ad_group_33
10/15/15,399.91,ad_group_33
10/16/15,411.94,ad_group_33
10/17/15,636.97,ad_group_33
10/18/15,233.81,ad_group_33
10/19/15,511.71,ad_group_33
10/20/15,506.06,ad_group_33
10/21/15,603.8,ad_group_33
10/22/15,232.53,ad_group_33
10/23/15,430.5,ad_group_33
10/24/15,336.36,ad_group_33
10/25/15,437.65,ad_group_33
10/26/15,497.4,ad_group_33
10/27/15,494.06,ad_group_33
10/28/15,319.24,ad_group_33
10/29/15,196.86,ad_group_33
10/30/15,458.83,ad_group_33
10/31/15,383.84,ad_group_33
11/1/15,332.8,ad_group_33
11/2/15,555.9,ad_group_33
11/3/15,317.83,ad_group_33
11/4/15,210.8,ad_group_33
11/5/15,572.34,ad_group_33
11/6/15,406.13,ad_group_33
11/7/15,156.76,ad_group_33
11/8/15,330.91,ad_group_33
11/9/15,225.1,ad_group_33
11/10/15,184.75,ad_group_33
11/11/15,525.65,ad_group_33
11/12/15,365.55,ad_group_33
11/13/15,415.66,ad_group_33
11/14/15,450.34,ad_group_33
11/15/15,516.69,ad_group_33
11/16/15,318.83,ad_group_33
11/17/15,432.62,ad_group_33
11/18/15,284.61,ad_group_33
11/19/15,497.32,ad_group_33
11/20/15,171.3,ad_group_33
11/21/15,318.57,ad_group_33
11/22/15,485.85,ad_group_33
10/1/15,3077.83,ad_group_34
10/2/15,3156.62,ad_group_34
10/3/15,4179.47,ad_group_34
10/4/15,5710.74,ad_group_34
10/5/15,4005.39,ad_group_34
10/6/15,4444.07,ad_group_34
10/7/15,1808.92,ad_group_34
10/8/15,1745.99,ad_group_34
10/9/15,1528.18,ad_group_34
10/10/15,3617.07,ad_group_34
10/11/15,5485.74,ad_group_34
10/12/15,4054.4,ad_group_34
10/13/15,2502.92,ad_group_34
10/14/15,2519.94,ad_group_34
10/15/15,2215.11,ad_group_34
10/16/15,3545.92,ad_group_34
10/17/15,6838.87,ad_group_34
10/18/15,7210.15,ad_group_34
10/19/15,4176.25,ad_group_34
10/20/15,6647.15,ad_group_34
10/21/15,2760.57,ad_group_34
10/22/15,1964.02,ad_group_34
10/23/15,2201.39,ad_group_34
10/24/15,5984.05,ad_group_34
10/25/15,3516.68,ad_group_34
10/26/15,2763,ad_group_34
10/27/15,6653,ad_group_34
10/28/15,4319.77,ad_group_34
10/29/15,3312.85,ad_group_34
10/30/15,5124.6,ad_group_34
10/31/15,4047.19,ad_group_34
11/1/15,2101.29,ad_group_34
11/2/15,3226.19,ad_group_34
11/3/15,6201.08,ad_group_34
11/4/15,4390.07,ad_group_34
11/5/15,5673.93,ad_group_34
11/6/15,3569.62,ad_group_34
11/7/15,4292.27,ad_group_34
11/8/15,3456.7,ad_group_34
11/9/15,3298.47,ad_group_34
11/10/15,3033.79,ad_group_34
11/11/15,4844.86,ad_group_34
11/12/15,5799.54,ad_group_34
11/13/15,4780.26,ad_group_34
11/14/15,1609.34,ad_group_34
11/15/15,3834.04,ad_group_34
11/16/15,5048.79,ad_group_34
11/17/15,5331.65,ad_group_34
11/18/15,4743.83,ad_group_34
11/19/15,5184.79,ad_group_34
11/20/15,1931.91,ad_group_34
11/21/15,4992.75,ad_group_34
11/22/15,4572.3,ad_group_34
10/1/15,17.31,ad_group_35
10/2/15,25.18,ad_group_35
10/3/15,27.8,ad_group_35
10/4/15,9.7,ad_group_35
10/5/15,18.83,ad_group_35
10/6/15,14.42,ad_group_35
10/7/15,28.26,ad_group_35
10/8/15,23.64,ad_group_35
10/9/15,48.94,ad_group_35
10/10/15,28.26,ad_group_35
10/11/15,27.47,ad_group_35
10/12/15,18.53,ad_group_35
10/13/15,26.29,ad_group_35
10/14/15,11.9,ad_group_35
10/15/15,26.89,ad_group_35
10/16/15,18.02,ad_group_35
10/17/15,18.73,ad_group_35
10/18/15,34.16,ad_group_35
10/19/15,3.56,ad_group_35
10/20/15,20.19,ad_group_35
10/21/15,22.42,ad_group_35
10/22/15,28.63,ad_group_35
10/23/15,37.56,ad_group_35
10/24/15,13.54,ad_group_35
10/25/15,15.99,ad_group_35
10/26/15,10.11,ad_group_35
10/27/15,28.62,ad_group_35
10/28/15,36.55,ad_group_35
10/29/15,10.11,ad_group_35
10/30/15,19.23,ad_group_35
10/31/15,33.9,ad_group_35
11/1/15,42.54,ad_group_35
11/2/15,24.46,ad_group_35
11/3/15,21.77,ad_group_35
11/4/15,33.37,ad_group_35
11/5/15,46.87,ad_group_35
11/6/15,34.48,ad_group_35
11/7/15,19.94,ad_group_35
11/8/15,33.42,ad_group_35
11/9/15,27.69,ad_group_35
11/10/15,18.53,ad_group_35
11/11/15,17.91,ad_group_35
11/12/15,29.78,ad_group_35
11/13/15,11.97,ad_group_35
11/14/15,37.87,ad_group_35
11/15/15,30.88,ad_group_35
11/16/15,17.24,ad_group_35
11/17/15,16.05,ad_group_35
11/18/15,36.84,ad_group_35
11/19/15,38.29,ad_group_35
11/20/15,27.41,ad_group_35
11/21/15,27.73,ad_group_35
11/22/15,8,ad_group_35
10/1/15,156.6,ad_group_36
10/2/15,302.68,ad_group_36
10/3/15,249.21,ad_group_36
10/4/15,335.49,ad_group_36
10/5/15,317.38,ad_group_36
10/6/15,337.47,ad_group_36
10/7/15,270.1,ad_group_36
10/8/15,446.93,ad_group_36
10/9/15,432.52,ad_group_36
10/10/15,424.09,ad_group_36
10/11/15,423.91,ad_group_36
10/12/15,146.75,ad_group_36
10/13/15,553.19,ad_group_36
10/14/15,276.39,ad_group_36
10/15/15,446.78,ad_group_36
10/16/15,350.74,ad_group_36
10/17/15,472,ad_group_36
10/18/15,649.71,ad_group_36
10/19/15,251.91,ad_group_36
10/20/15,414.09,ad_group_36
10/21/15,400.41,ad_group_36
10/22/15,347.61,ad_group_36
10/23/15,669.89,ad_group_36
10/24/15,297.52,ad_group_36
10/25/15,494.43,ad_group_36
10/26/15,369.78,ad_group_36
10/27/15,150.27,ad_group_36
10/28/15,436.59,ad_group_36
10/29/15,417.22,ad_group_36
10/30/15,522.57,ad_group_36
10/31/15,682.24,ad_group_36
11/1/15,373.27,ad_group_36
11/2/15,279.89,ad_group_36
11/3/15,420.34,ad_group_36
11/4/15,476.55,ad_group_36
11/5/15,254.21,ad_group_36
11/6/15,209.49,ad_group_36
11/7/15,350.85,ad_group_36
11/8/15,168.51,ad_group_36
11/9/15,462.95,ad_group_36
11/10/15,359.24,ad_group_36
11/11/15,281.63,ad_group_36
11/12/15,393.26,ad_group_36
11/13/15,367.5,ad_group_36
11/14/15,425.79,ad_group_36
11/15/15,355.15,ad_group_36
11/16/15,346.9,ad_group_36
11/17/15,564.51,ad_group_36
11/18/15,436.57,ad_group_36
11/19/15,441.71,ad_group_36
11/20/15,294.41,ad_group_36
11/21/15,555.72,ad_group_36
11/22/15,233.35,ad_group_36
10/1/15,4186.65,ad_group_37
10/2/15,7923.28,ad_group_37
10/3/15,3576.35,ad_group_37
10/4/15,2434.52,ad_group_37
10/5/15,4491.22,ad_group_37
10/6/15,4204.71,ad_group_37
10/7/15,2153.77,ad_group_37
10/8/15,5635.35,ad_group_37
10/9/15,4034.7,ad_group_37
10/10/15,4922.23,ad_group_37
10/11/15,2544.66,ad_group_37
10/12/15,5797.78,ad_group_37
10/13/15,4526.68,ad_group_37
10/14/15,5268.41,ad_group_37
10/15/15,3222.2,ad_group_37
10/16/15,3875.24,ad_group_37
10/17/15,2960.29,ad_group_37
10/18/15,6456.2,ad_group_37
10/19/15,7715.9,ad_group_37
10/20/15,1796.81,ad_group_37
10/21/15,6055.27,ad_group_37
10/22/15,7247.7,ad_group_37
10/23/15,4260.61,ad_group_37
10/24/15,4372.39,ad_group_37
10/25/15,3255.83,ad_group_37
10/26/15,6927.18,ad_group_37
10/27/15,5522.12,ad_group_37
10/28/15,5553.58,ad_group_37
10/29/15,5153.13,ad_group_37
10/30/15,4548.71,ad_group_37
10/31/15,4242.93,ad_group_37
11/1/15,3390.52,ad_group_37
11/2/15,3630.9,ad_group_37
11/3/15,4487.43,ad_group_37
11/4/15,5853.05,ad_group_37
11/5/15,5602.27,ad_group_37
11/6/15,6951.96,ad_group_37
11/7/15,3593.93,ad_group_37
11/8/15,5829.2,ad_group_37
11/9/15,4436.13,ad_group_37
11/10/15,5503.95,ad_group_37
11/11/15,4020.4,ad_group_37
11/12/15,4285.16,ad_group_37
11/13/15,4121.41,ad_group_37
11/14/15,4794.49,ad_group_37
11/15/15,6414.74,ad_group_37
11/16/15,5525.63,ad_group_37
11/17/15,4946.35,ad_group_37
11/18/15,2120.61,ad_group_37
11/19/15,2503.99,ad_group_37
11/20/15,6445.96,ad_group_37
11/21/15,5411.25,ad_group_37
11/22/15,6691.6,ad_group_37
10/1/15,1806.32,ad_group_38
10/2/15,1511.73,ad_group_38
10/3/15,1324.19,ad_group_38
10/4/15,1398.62,ad_group_38
10/5/15,1363.95,ad_group_38
10/6/15,1139.77,ad_group_38
10/7/15,1180.93,ad_group_38
10/8/15,971.2,ad_group_38
10/9/15,1199.88,ad_group_38
10/10/15,734.87,ad_group_38
10/11/15,1233.94,ad_group_38
10/12/15,826.08,ad_group_38
10/13/15,769.8,ad_group_38
10/14/15,456.21,ad_group_38
10/15/15,683.35,ad_group_38
10/16/15,1152.17,ad_group_38
10/17/15,825.32,ad_group_38
10/18/15,598.09,ad_group_38
10/19/15,1398.6,ad_group_38
10/20/15,749.2,ad_group_38
10/21/15,908.33,ad_group_38
10/22/15,56.83,ad_group_38
10/23/15,1611.78,ad_group_38
10/24/15,731.34,ad_group_38
10/25/15,1388.3,ad_group_38
10/26/15,1465.16,ad_group_38
10/27/15,1249.92,ad_group_38
10/28/15,1007.8,ad_group_38
10/29/15,911.82,ad_group_38
10/30/15,1054.03,ad_group_38
10/31/15,959.64,ad_group_38
11/1/15,914.7,ad_group_38
11/2/15,1267.2,ad_group_38
11/3/15,696.96,ad_group_38
11/4/15,887.12,ad_group_38
11/5/15,973.8,ad_group_38
11/6/15,1437.83,ad_group_38
11/7/15,1072.38,ad_group_38
11/8/15,1458.43,ad_group_38
11/9/15,1186.32,ad_group_38
11/10/15,1069.38,ad_group_38
11/11/15,1468.65,ad_group_38
11/12/15,597.6,ad_group_38
11/13/15,1367.19,ad_group_38
11/14/15,1729.61,ad_group_38
11/15/15,867.5,ad_group_38
11/16/15,1318.55,ad_group_38
11/17/15,1736.56,ad_group_38
11/18/15,1304.37,ad_group_38
11/19/15,1091.88,ad_group_38
11/20/15,1473.27,ad_group_38
11/21/15,710.37,ad_group_38
11/22/15,1107.61,ad_group_38
10/1/15,20.22,ad_group_39
10/2/15,16.66,ad_group_39
10/3/15,10.45,ad_group_39
10/4/15,22.32,ad_group_39
10/5/15,12.02,ad_group_39
10/6/15,8.27,ad_group_39
10/7/15,16.65,ad_group_39
10/8/15,20.57,ad_group_39
10/9/15,34.93,ad_group_39
10/10/15,16.81,ad_group_39
10/11/15,14.56,ad_group_39
10/12/15,28.07,ad_group_39
10/13/15,27.64,ad_group_39
10/14/15,35.85,ad_group_39
10/15/15,39.99,ad_group_39
10/16/15,17.25,ad_group_39
10/17/15,17.07,ad_group_39
10/18/15,27.21,ad_group_39
10/19/15,12.26,ad_group_39
10/20/15,26.46,ad_group_39
10/21/15,14.94,ad_group_39
10/22/15,14.73,ad_group_39
10/23/15,8.44,ad_group_39
10/24/15,21.35,ad_group_39
10/25/15,16.8,ad_group_39
10/26/15,35.45,ad_group_39
10/27/15,13.22,ad_group_39
10/28/15,38.15,ad_group_39
10/29/15,33.79,ad_group_39
10/30/15,26.03,ad_group_39
10/31/15,5.65,ad_group_39
11/1/15,19.69,ad_group_39
11/2/15,22.37,ad_group_39
11/3/15,29.86,ad_group_39
11/4/15,21.04,ad_group_39
11/5/15,13.66,ad_group_39
11/6/15,21.48,ad_group_39
11/7/15,13.65,ad_group_39
11/8/15,8.6,ad_group_39
11/9/15,23.7,ad_group_39
11/10/15,10.51,ad_group_39
11/11/15,19.78,ad_group_39
11/12/15,22.95,ad_group_39
11/13/15,15.11,ad_group_39
11/14/15,8.57,ad_group_39
11/15/15,24.03,ad_group_39
11/16/15,28.66,ad_group_39
11/17/15,11.72,ad_group_39
11/18/15,3.36,ad_group_39
11/19/15,14.92,ad_group_39
11/20/15,14.7,ad_group_39
11/21/15,20.52,ad_group_39
11/22/15,12.85,ad_group_39
10/1/15,677.19,ad_group_40
10/2/15,350.42,ad_group_40
10/3/15,599.11,ad_group_40
10/4/15,435.3,ad_group_40
10/5/15,472.39,ad_group_40
10/6/15,902,ad_group_40
10/7/15,662.84,ad_group_40
10/8/15,588.48,ad_group_40
10/9/15,508.2,ad_group_40
10/10/15,738.16,ad_group_40
10/11/15,396.01,ad_group_40
10/12/15,408.06,ad_group_40
10/13/15,369.76,ad_group_40
10/14/15,656.61,ad_group_40
10/15/15,854.4,ad_group_40
10/16/15,420.28,ad_group_40
10/17/15,356.17,ad_group_40
10/18/15,844.58,ad_group_40
10/19/15,230.16,ad_group_40
10/20/15,327.86,ad_group_40
10/21/15,453.94,ad_group_40
10/22/15,581.39,ad_group_40
10/23/15,454.2,ad_group_40
10/24/15,346.91,ad_group_40
10/25/15,556.21,ad_group_40
10/26/15,859.38,ad_group_40
10/27/15,373.1,ad_group_40
10/28/15,-92.06,ad_group_40
10/29/15,471.8,ad_group_40
10/30/15,435.49,ad_group_40
10/31/15,624.08,ad_group_40
11/1/15,456.86,ad_group_40
11/2/15,582.28,ad_group_40
11/3/15,483.05,ad_group_40
11/4/15,625.9,ad_group_40
11/5/15,433.99,ad_group_40
11/6/15,578.95,ad_group_40
11/7/15,543.94,ad_group_40
11/8/15,654.11,ad_group_40
11/9/15,279.14,ad_group_40
11/10/15,560.69,ad_group_40
11/11/15,310.7,ad_group_40
11/12/15,653.12,ad_group_40
11/13/15,550.35,ad_group_40
11/14/15,641.91,ad_group_40
11/15/15,632.65,ad_group_40
11/16/15,322.06,ad_group_40
11/17/15,695.57,ad_group_40
11/18/15,553.36,ad_group_40
11/19/15,840.72,ad_group_40
11/20/15,468.95,ad_group_40
11/21/15,437.03,ad_group_40
11/22/15,409.3,ad_group_40